Method,Domain of Origin,Primary Application Domains
Ordinary Least Squares (OLS),Statistics,"Economics, Econometrics, Social Sciences, Finance, Psychology, Marketing Research"
Difference-in-Differences (DiD),Econometrics,"Economics, Public Policy, Healthcare Policy, Labor Economics, Education Research"
Instrumental Variables (IV),Econometrics,"Economics, Epidemiology, Social Sciences, Political Science, Development Economics"
Regression Discontinuity Design (RDD),Econometrics,"Economics, Education Policy, Political Science, Development Economics, Healthcare"
Propensity Score Matching (PSM),Statistics,"Epidemiology, Medical Research, Economics, Social Policy Evaluation, Marketing"
Synthetic Control Method,Econometrics,"Comparative Politics, Economics, Policy Evaluation, Regional Studies"
Fixed Effects Regression,Econometrics,"Panel Data Analysis, Labor Economics, Finance, Political Science, Healthcare Economics"
Random Effects Regression,Statistics,"Panel Data Analysis, Healthcare Research, Education Studies, Organizational Research"
Generalized Method of Moments (GMM),Econometrics,"Finance, Macroeconomics, Asset Pricing, Dynamic Panel Data Analysis"
Two-Stage Least Squares (2SLS),Econometrics,"Economics, Finance, Agricultural Economics, Environmental Economics"
Three-Stage Least Squares (3SLS),Econometrics,"Simultaneous Equations Models, Macroeconomics, Agricultural Economics"
Quantile Regression,Statistics,"Economics, Finance, Healthcare, Environmental Science, Income Distribution Studies"
Vector Autoregression (VAR),Econometrics,"Macroeconomics, Finance, Forecasting, Monetary Policy Analysis"
Cointegration Analysis,Time Series Econometrics,"Finance, Macroeconomics, Energy Economics, Exchange Rate Analysis"
ARCH/GARCH Models,Financial Econometrics,"Finance, Risk Management, Volatility Forecasting, Asset Pricing"
Principal Component Analysis (PCA),Statistics,"Data Science, Finance, Genomics, Image Processing, Quality Control"
Factor Analysis,Psychology,"Social Sciences, Marketing Research, Psychometrics, Finance, Education"
Independent Component Analysis (ICA),Signal Processing,"Neuroscience, Audio Processing, Medical Imaging, Telecommunications"
Linear Discriminant Analysis (LDA),Statistics,"Pattern Recognition, Biometrics, Marketing Segmentation, Medical Diagnosis"
Logistic Regression,Statistics,"Medicine, Epidemiology, Marketing, Credit Scoring, Social Sciences"
Probit Regression,Statistics,"Economics, Political Science, Finance, Transportation Studies"
Poisson Regression,Statistics,"Epidemiology, Insurance, Accident Analysis, Count Data Modeling"
Negative Binomial Regression,Statistics,"Epidemiology, Ecology, Economics, Overdispersed Count Data Analysis"
Multinomial Logit Model,Econometrics,"Transportation, Marketing, Labor Economics, Discrete Choice Analysis"
Conditional Logit Model,Econometrics,"Urban Economics, Transportation, Environmental Economics, Marketing"
Ordered Probit/Logit Models,Statistics,"Survey Research, Quality of Life Studies, Economics, Political Science"
Tobit Regression,Econometrics,"Economics, Finance, Labor Economics, Censored Data Analysis"
Heckman Selection Model,Econometrics,"Labor Economics, Wage Studies, Sample Selection Correction, Education"
Survival Analysis,Biostatistics,"Medicine, Epidemiology, Reliability Engineering, Customer Churn Analysis"
Cox Proportional Hazards Model,Biostatistics,"Clinical Trials, Epidemiology, Oncology, Engineering Reliability"
Kaplan-Meier Estimator,Biostatistics,"Clinical Research, Survival Studies, Reliability Testing, Event History Analysis"
Hazard Models,Statistics,"Duration Analysis, Unemployment Studies, Event History, Demography"
Neural Networks,Neuroscience,"Machine Learning, Computer Vision, Natural Language Processing, Finance, Robotics"
Convolutional Neural Networks (CNN),Neuroscience,"Computer Vision, Medical Imaging, Autonomous Vehicles, Facial Recognition"
Recurrent Neural Networks (RNN),Cognitive Science,"Natural Language Processing, Time Series, Speech Recognition, Music Generation"
Long Short-Term Memory (LSTM),Computer Science,"Time Series Forecasting, Natural Language Processing, Speech Recognition, Finance"
Gated Recurrent Units (GRU),Computer Science,"Natural Language Processing, Time Series, Speech Processing, Video Analysis"
Transformer Architecture,Natural Language Processing,"Machine Translation, Text Generation, Computer Vision, Protein Folding"
BERT (Bidirectional Encoder),Natural Language Processing,"Question Answering, Sentiment Analysis, Named Entity Recognition, Text Classification"
GPT (Generative Pre-trained Transformer),Natural Language Processing,"Text Generation, Code Generation, Chatbots, Creative Writing"
Attention Mechanism,Cognitive Neuroscience,"Machine Translation, Computer Vision, Speech Recognition, Recommendation Systems"
Autoencoders,Information Theory,"Dimensionality Reduction, Anomaly Detection, Denoising, Feature Learning"
Variational Autoencoders (VAE),Information Theory,"Generative Modeling, Drug Discovery, Image Generation, Anomaly Detection"
Generative Adversarial Networks (GAN),Game Theory,"Image Synthesis, Data Augmentation, Style Transfer, Drug Design"
Support Vector Machines (SVM),Statistical Learning Theory,"Classification, Bioinformatics, Image Recognition, Text Categorization"
Decision Trees,Operations Research,"Medicine, Finance, Marketing, Customer Segmentation, Risk Assessment"
Random Forest,Statistics,"Ecology, Finance, Genomics, Fraud Detection, Predictive Maintenance"
Gradient Boosting (XGBoost, LightGBM),Machine Learning,"Kaggle Competitions, Finance, Healthcare, E-commerce, Fraud Detection"
AdaBoost,Machine Learning,"Face Detection, Classification Problems, Ensemble Learning, Pattern Recognition"
K-Means Clustering,Statistics,"Market Segmentation, Image Compression, Anomaly Detection, Document Clustering"
Hierarchical Clustering,Statistics,"Genomics, Social Network Analysis, Document Organization, Taxonomy Development"
DBSCAN,Computer Science,"Anomaly Detection, Spatial Data Analysis, Geolocation Clustering"
Gaussian Mixture Models,Statistics,"Image Segmentation, Speaker Recognition, Density Estimation, Bioinformatics"
Hidden Markov Models (HMM),Statistical Modeling,"Speech Recognition, Bioinformatics, Financial Modeling, Natural Language Processing"
Markov Chain Monte Carlo (MCMC),Statistical Physics,"Bayesian Statistics, Computational Biology, Physics Simulations, Machine Learning"
Gibbs Sampling,Statistical Physics,"Bayesian Inference, Computational Statistics, Image Processing, Genetics"
Metropolis-Hastings Algorithm,Statistical Physics,"Bayesian Analysis, Physics, Chemistry, Statistical Inference"
Bayesian Networks,Probability Theory,"Medical Diagnosis, Risk Assessment, Decision Support Systems, Genetics"
Naive Bayes Classifier,Probability Theory,"Spam Filtering, Text Classification, Sentiment Analysis, Medical Diagnosis"
Kalman Filter,Aerospace Engineering,"Robotics, Navigation Systems, Economics, Signal Processing, Control Systems"
Particle Filter,Signal Processing,"Object Tracking, Robotics, Computer Vision, Localization"
Extended Kalman Filter (EKF),Control Theory,"Robotics, Navigation, State Estimation, Sensor Fusion"
Fourier Transform,Mathematics,"Signal Processing, Audio Analysis, Image Processing, Telecommunications"
Wavelet Transform,Mathematics,"Image Compression, Signal Denoising, Medical Imaging, Seismology"
Fast Fourier Transform (FFT),Mathematics,"Audio Processing, Spectroscopy, Communications, Vibration Analysis"
Laplace Transform,Mathematics,"Control Systems, Electrical Engineering, Signal Processing, Physics"
Z-Transform,Mathematics,"Digital Signal Processing, Control Systems, Discrete-Time Systems"
Monte Carlo Simulation,Statistical Physics,"Finance, Risk Analysis, Physics, Operations Research, Project Management"
Latin Hypercube Sampling,Statistics,"Uncertainty Quantification, Risk Analysis, Simulation, Sensitivity Analysis"
Bootstrapping,Statistics,"Econometrics, Epidemiology, Machine Learning, Confidence Interval Estimation"
Cross-Validation,Statistics,"Machine Learning, Predictive Modeling, Model Selection, Performance Evaluation"
Jackknife Resampling,Statistics,"Bias Estimation, Variance Estimation, Robust Statistics"
Permutation Tests,Statistics,"Clinical Trials, A/B Testing, Hypothesis Testing, Genetics"
A/B Testing,Agricultural Science,"Web Development, Marketing, Product Development, User Experience"
Randomized Controlled Trials (RCT),Medical Research,"Clinical Medicine, Public Health, Education, Development Economics"
Matched Pairs Design,Statistics,"Medical Research, Psychology, Agricultural Trials, Industrial Experiments"
Factorial Design,Experimental Design,"Manufacturing, Agriculture, Pharmaceutical Development, Quality Control"
Response Surface Methodology,Statistics,"Process Optimization, Industrial Engineering, Chemical Engineering, Agriculture"
Design of Experiments (DOE),Statistics,"Manufacturing, Six Sigma, Product Development, Process Improvement"
Taguchi Methods,Quality Engineering,"Manufacturing, Product Design, Robust Design, Quality Control"
Analysis of Variance (ANOVA),Statistics,"Agriculture, Psychology, Biology, Medicine, Quality Control"
MANOVA (Multivariate ANOVA),Statistics,"Psychology, Biology, Marketing Research, Social Sciences"
ANCOVA (Analysis of Covariance),Statistics,"Psychology, Education, Medical Research, Agricultural Studies"
Linear Mixed Models,Statistics,"Longitudinal Studies, Clinical Trials, Education Research, Ecology"
Generalized Linear Models (GLM),Statistics,"Epidemiology, Insurance, Ecology, Social Sciences"
Generalized Additive Models (GAM),Statistics,"Ecology, Epidemiology, Environmental Science, Spatial Analysis"
Structural Equation Modeling (SEM),Psychology,"Social Sciences, Marketing Research, Education, Management Studies"
Path Analysis,Genetics,"Social Sciences, Epidemiology, Psychology, Ecology"
Confirmatory Factor Analysis,Psychometrics,"Psychology, Marketing Research, Social Sciences, Education"
Canonical Correlation Analysis,Statistics,"Psychology, Marketing, Ecology, Chemometrics"
Correspondence Analysis,Statistics,"Marketing Research, Archaeology, Linguistics, Social Sciences"
Multidimensional Scaling,Psychology,"Marketing Research, Psychometrics, Social Network Analysis, Geography"
Cluster Analysis,Statistics,"Marketing Segmentation, Biology, Medicine, Social Network Analysis"
Time Series Decomposition,Statistics,"Economics, Finance, Demand Forecasting, Climate Science"
ARIMA Models,Time Series Analysis,"Economics, Finance, Forecasting, Climate Science, Sales Prediction"
SARIMA (Seasonal ARIMA),Time Series Analysis,"Demand Forecasting, Tourism, Retail Sales, Energy Consumption"
Exponential Smoothing,Forecasting,"Supply Chain Management, Inventory Control, Sales Forecasting"
Holt-Winters Method,Forecasting,"Seasonal Forecasting, Retail, Energy Demand, Tourism"
State Space Models,Control Theory,"Economics, Finance, Engineering, Signal Processing"
Dynamic Factor Models,Econometrics,"Macroeconomics, Finance, Forecasting, Nowcasting"
Spectral Analysis,Physics,"Signal Processing, Astronomy, Oceanography, Vibration Analysis"
Granger Causality,Econometrics,"Economics, Neuroscience, Climate Science, Finance"
Transfer Function Models,Engineering,"Economics, Environmental Science, Control Systems"
Genetic Algorithms,Evolutionary Biology,"Optimization, Scheduling, Engineering Design, Portfolio Optimization"
Evolutionary Strategies,Evolutionary Biology,"Robotics, Engineering Optimization, Neural Architecture Search"
Differential Evolution,Evolutionary Biology,"Engineering Optimization, Parameter Estimation, Machine Learning"
Particle Swarm Optimization,Social Psychology,"Engineering Design, Neural Network Training, Scheduling Problems"
Ant Colony Optimization,Myrmecology,"Routing Problems, Scheduling, Telecommunications Network Design"
Simulated Annealing,Metallurgy,"Combinatorial Optimization, VLSI Design, Scheduling, Protein Folding"
Tabu Search,Operations Research,"Scheduling, Routing, Telecommunications, Logistics"
Harmony Search,Music Theory,"Engineering Optimization, Water Resources, Structural Design"
Bee Algorithm,Entomology,"Optimization Problems, Manufacturing, Image Processing"
Firefly Algorithm,Biology,"Engineering Optimization, Image Processing, Wireless Networks"
Cuckoo Search,Ornithology,"Engineering Optimization, Data Clustering, Feature Selection"
Bat Algorithm,Bioacoustics,"Engineering Design, Classification, Feature Selection"
Grey Wolf Optimizer,Animal Behavior,"Engineering Problems, Power Systems, Feature Selection"
Whale Optimization Algorithm,Marine Biology,"Engineering Optimization, Feature Selection, Neural Network Training"
Gravitational Search Algorithm,Physics,"Optimization Problems, Power Systems, Data Clustering"
Artificial Bee Colony,Entomology,"Function Optimization, Data Mining, Image Processing"
Linear Programming,Operations Research,"Production Planning, Transportation, Resource Allocation, Finance"
Integer Programming,Operations Research,"Scheduling, Facility Location, Network Design, Project Selection"
Nonlinear Programming,Mathematics,"Engineering Design, Portfolio Optimization, Resource Allocation"
Dynamic Programming,Operations Research,"Economics, Computer Science, Bioinformatics, Robotics"
Stochastic Programming,Operations Research,"Finance, Energy Systems, Supply Chain Management, Portfolio Optimization"
Robust Optimization,Operations Research,"Supply Chain, Finance, Engineering Design, Telecommunications"
Multi-Objective Optimization,Operations Research,"Engineering Design, Portfolio Selection, Project Management"
Convex Optimization,Mathematics,"Machine Learning, Signal Processing, Finance, Control Systems"
Quadratic Programming,Mathematics,"Finance, Machine Learning, Control Systems, Robotics"
Semidefinite Programming,Mathematics,"Control Theory, Combinatorial Optimization, Quantum Information"
Constraint Programming,Computer Science,"Scheduling, Planning, Configuration, Routing"
Graph Theory Algorithms,Mathematics,"Social Network Analysis, Bioinformatics, Transportation, Computer Networks"
Dijkstra's Algorithm,Computer Science,"Navigation Systems, Network Routing, GIS Applications"
A* Search Algorithm,Computer Science,"Pathfinding, Robotics, Video Games, Route Planning"
PageRank Algorithm,Network Theory,"Web Search, Social Network Analysis, Bibliometrics"
Bellman-Ford Algorithm,Graph Theory,"Network Routing, Economics, Arbitrage Detection"
Floyd-Warshall Algorithm,Graph Theory,"Network Analysis, Transportation, Graph Algorithms"
Minimum Spanning Tree Algorithms,Graph Theory,"Network Design, Clustering, Image Segmentation"
Maximum Flow Algorithms,Graph Theory,"Network Optimization, Bipartite Matching, Project Scheduling"
Graph Neural Networks,Graph Theory,"Molecular Property Prediction, Social Networks, Recommendation Systems"
Spectral Graph Theory,Mathematics,"Community Detection, Image Segmentation, Dimensionality Reduction"
Network Centrality Measures,Network Science,"Social Network Analysis, Epidemiology, Transportation, Neuroscience"
Community Detection Algorithms,Network Science,"Social Networks, Biology, Marketing, Fraud Detection"
Finite Element Method (FEM),Structural Engineering,"Mechanical Engineering, Biomechanics, Geophysics, Electromagnetics"
Finite Difference Method,Numerical Analysis,"Computational Fluid Dynamics, Heat Transfer, Financial Derivatives"
Finite Volume Method,Fluid Mechanics,"Computational Fluid Dynamics, Heat Transfer, Environmental Modeling"
Boundary Element Method,Engineering,"Acoustics, Electromagnetics, Structural Analysis"
Computational Fluid Dynamics (CFD),Aerospace Engineering,"Automotive Design, HVAC, Medical Devices, Weather Forecasting"
Molecular Dynamics Simulation,Physics,"Chemistry, Materials Science, Drug Design, Nanotechnology"
Monte Carlo Methods,Statistical Physics,"Finance, Particle Physics, Radiation Transport, Risk Analysis"
Agent-Based Modeling,Sociology,"Economics, Epidemiology, Ecology, Urban Planning, Social Sciences"
Discrete Event Simulation,Operations Research,"Manufacturing, Healthcare, Supply Chain, Transportation"
System Dynamics,Systems Theory,"Policy Analysis, Business Strategy, Healthcare, Environmental Management"
Markov Decision Processes,Operations Research,"Robotics, Healthcare, Finance, Resource Management"
Reinforcement Learning,Behavioral Psychology,"Robotics, Game AI, Autonomous Vehicles, Resource Management"
Q-Learning,Computer Science,"Game AI, Robotics, Network Routing, Trading Systems"
Deep Q-Networks (DQN),Computer Science,"Game Playing, Robotics, Resource Allocation"
Policy Gradient Methods,Control Theory,"Robotics, Game AI, Natural Language Processing"
Actor-Critic Methods,Control Theory,"Robotics, Game Playing, Resource Management"
Proximal Policy Optimization (PPO),Computer Science,"Robotics, Game AI, Continuous Control"
Deep Deterministic Policy Gradient,Computer Science,"Robotics, Continuous Control, Autonomous Driving"
Multi-Armed Bandit Algorithms,Probability Theory,"A/B Testing, Clinical Trials, Online Advertising, Recommendation Systems"
Thompson Sampling,Statistics,"Online Advertising, Clinical Trials, Recommendation Systems"
Upper Confidence Bound (UCB),Probability Theory,"Online Learning, Recommendation Systems, Resource Allocation"
Contextual Bandits,Machine Learning,"Personalized Medicine, Recommendation Systems, Online Advertising"
Collaborative Filtering,Information Retrieval,"Recommendation Systems, E-commerce, Streaming Services, Social Media"
Content-Based Filtering,Information Retrieval,"Recommendation Systems, News Aggregation, Music Services"
Matrix Factorization,Linear Algebra,"Recommendation Systems, Dimensionality Reduction, Image Processing"
Singular Value Decomposition (SVD),Linear Algebra,"Recommendation Systems, Image Compression, Signal Processing, NLP"
Non-negative Matrix Factorization,Linear Algebra,"Topic Modeling, Image Processing, Bioinformatics, Audio Source Separation"
Tensor Factorization,Multilinear Algebra,"Recommendation Systems, Knowledge Graphs, Neuroimaging"
Latent Dirichlet Allocation (LDA),Statistics,"Topic Modeling, Document Analysis, Bioinformatics, Social Media Analysis"
Word2Vec,Linguistics,"Natural Language Processing, Information Retrieval, Text Classification"
GloVe (Global Vectors),Linguistics,"Natural Language Processing, Text Mining, Sentiment Analysis"
FastText,Linguistics,"Text Classification, Language Identification, Natural Language Processing"
ELMo (Embeddings from Language Models),Natural Language Processing,"Text Classification, Named Entity Recognition, Question Answering"
Sequence-to-Sequence Models,Natural Language Processing,"Machine Translation, Text Summarization, Chatbots, Code Generation"
Encoder-Decoder Architecture,Information Theory,"Machine Translation, Image Captioning, Speech Recognition"
Beam Search,Computer Science,"Machine Translation, Speech Recognition, Sequence Generation"
Named Entity Recognition (NER),Natural Language Processing,"Information Extraction, Question Answering, Search Engines"
Part-of-Speech Tagging,Linguistics,"Natural Language Processing, Machine Translation, Text Analysis"
Dependency Parsing,Linguistics,"Natural Language Processing, Machine Translation, Information Extraction"
Constituency Parsing,Linguistics,"Natural Language Processing, Grammar Checking, Information Extraction"
Semantic Role Labeling,Linguistics,"Natural Language Processing, Question Answering, Information Extraction"
Sentiment Analysis,Computational Linguistics,"Marketing, Social Media Monitoring, Customer Feedback, Brand Management"
Aspect-Based Sentiment Analysis,Natural Language Processing,"Product Reviews, Customer Feedback, Social Media Analysis"
Transfer Learning,Cognitive Psychology,"Computer Vision, Natural Language Processing, Speech Recognition, Medical Imaging"
Domain Adaptation,Machine Learning,"Natural Language Processing, Computer Vision, Speech Recognition"
Multi-Task Learning,Cognitive Science,"Computer Vision, Natural Language Processing, Speech Recognition"
Meta-Learning,Cognitive Science,"Few-Shot Learning, Neural Architecture Search, Optimization"
Few-Shot Learning,Cognitive Psychology,"Image Classification, Object Detection, Natural Language Processing"
Zero-Shot Learning,Cognitive Science,"Image Classification, Natural Language Processing, Knowledge Transfer"
One-Shot Learning,Cognitive Psychology,"Face Recognition, Signature Verification, Object Detection"
Self-Supervised Learning,Machine Learning,"Computer Vision, Natural Language Processing, Robotics"
Contrastive Learning,Psychology,"Self-Supervised Learning, Computer Vision, Natural Language Processing"
Curriculum Learning,Pedagogy,"Neural Network Training, Computer Vision, Natural Language Processing"
Active Learning,Educational Psychology,"Machine Learning, Data Annotation, Medical Imaging"
Semi-Supervised Learning,Statistics,"Computer Vision, Natural Language Processing, Medical Image Analysis"
Weakly Supervised Learning,Machine Learning,"Computer Vision, Natural Language Processing, Medical Imaging"
Knowledge Distillation,Education Theory,"Model Compression, Edge Computing, Neural Network Efficiency"
Neural Architecture Search (NAS),Evolutionary Biology,"AutoML, Computer Vision, Natural Language Processing"
Hyperparameter Optimization,Experimental Design,"Machine Learning, Deep Learning, Model Tuning"
Bayesian Optimization,Statistics,"Hyperparameter Tuning, Experimental Design, Engineering Optimization"
Grid Search,Optimization,"Machine Learning, Model Selection, Parameter Tuning"
Random Search,Optimization,"Hyperparameter Tuning, Neural Architecture Search"
Image Segmentation,Computer Vision,"Medical Imaging, Autonomous Vehicles, Satellite Imagery, Agriculture"
Object Detection,Computer Vision,"Autonomous Vehicles, Surveillance, Retail Analytics, Medical Imaging"
Instance Segmentation,Computer Vision,"Robotics, Medical Imaging, Autonomous Vehicles, Agriculture"
Semantic Segmentation,Computer Vision,"Autonomous Driving, Medical Imaging, Satellite Analysis, Scene Understanding"
Edge Detection,Image Processing,"Computer Vision, Medical Imaging, Quality Control, Robotics"
Feature Extraction,Pattern Recognition,"Computer Vision, Biometrics, Signal Processing, Information Retrieval"
SIFT (Scale-Invariant Feature Transform),Computer Vision,"Object Recognition, Image Matching, 3D Reconstruction"
SURF (Speeded Up Robust Features),Computer Vision,"Object Recognition, Image Registration, Tracking"
HOG (Histogram of Oriented Gradients),Computer Vision,"Pedestrian Detection, Object Recognition, Image Classification"
Optical Flow,Computer Vision,"Motion Detection, Video Stabilization, Action Recognition, Robotics"
Structure from Motion,Computer Vision,"3D Reconstruction, Photogrammetry, Augmented Reality"
SLAM (Simultaneous Localization and Mapping),Robotics,"Autonomous Vehicles, Drones, Indoor Navigation, Augmented Reality"
Visual Odometry,Computer Vision,"Robotics, Autonomous Vehicles, Aerospace Navigation"
Face Recognition,Computer Vision,"Security Systems, Authentication, Social Media, Law Enforcement"
Facial Landmark Detection,Computer Vision,"Face Recognition, Emotion Detection, Virtual Reality, Medical Analysis"
Pose Estimation,Computer Vision,"Sports Analysis, Human-Computer Interaction, Augmented Reality, Healthcare"
Action Recognition,Computer Vision,"Video Surveillance, Sports Analysis, Human-Computer Interaction"
Video Tracking,Computer Vision,"Surveillance, Sports Analysis, Traffic Monitoring, Robotics"
Image Super-Resolution,Image Processing,"Medical Imaging, Satellite Imagery, Surveillance, Photography"
Image Denoising,Signal Processing,"Medical Imaging, Photography, Astronomy, Surveillance"
Image Inpainting,Computer Vision,"Photo Restoration, Video Editing, Medical Imaging, Cultural Heritage"
Style Transfer,Computer Vision,"Art Generation, Photography, Video Editing, Fashion Design"
Optical Character Recognition (OCR),Pattern Recognition,"Document Digitization, Banking, Postal Services, Accessibility"
Speech Recognition,Signal Processing,"Virtual Assistants, Transcription, Accessibility, Customer Service"
Speaker Recognition,Biometrics,"Security Systems, Forensics, Banking, Access Control"
Speech Synthesis,Signal Processing,"Text-to-Speech Systems, Accessibility, Virtual Assistants, Education"
Audio Classification,Signal Processing,"Music Genre Classification, Environmental Monitoring, Healthcare"
Music Information Retrieval,Musicology,"Music Recommendation, Copyright Detection, Music Production"
Anomaly Detection,Statistics,"Fraud Detection, Network Security, Manufacturing Quality Control, Healthcare"
Outlier Detection,Statistics,"Data Cleaning, Fraud Detection, Quality Control, Intrusion Detection"
Change Point Detection,Statistics,"Quality Control, Finance, Climate Science, Epidemiology"
Novelty Detection,Machine Learning,"Intrusion Detection, Fraud Detection, Manufacturing, Medical Diagnosis"
Time Series Anomaly Detection,Statistics,"Infrastructure Monitoring, Finance, Healthcare, Industrial IoT"
Graph Anomaly Detection,Network Science,"Fraud Detection, Cybersecurity, Social Network Analysis"
Causal Inference,Epidemiology,"Economics, Medicine, Social Sciences, Marketing"
Causal Discovery,Statistics,"Epidemiology, Economics, Neuroscience, Climate Science"
Directed Acyclic Graphs (DAGs),Graph Theory,"Causal Inference, Bioinformatics, Project Management, Bayesian Networks"
Do-Calculus,Causal Inference Theory,"Epidemiology, Economics, Social Sciences, AI Safety"
Mediation Analysis,Statistics,"Psychology, Public Health, Marketing Research, Social Sciences"
Moderation Analysis,Statistics,"Psychology, Marketing Research, Education, Management"
Interrupted Time Series Analysis,Statistics,"Public Health, Policy Evaluation, Economics, Quality Improvement"
Meta-Analysis,Statistics,"Medical Research, Psychology, Education, Evidence-Based Practice"
Systematic Review,Evidence-Based Medicine,"Healthcare, Education Policy, Environmental Science, Social Policy"
Network Meta-Analysis,Biostatistics,"Healthcare, Comparative Effectiveness Research, Clinical Guidelines"
Mendelian Randomization,Genetic Epidemiology,"Epidemiology, Drug Development, Public Health, Precision Medicine"
Genome-Wide Association Studies (GWAS),Genetics,"Medicine, Agriculture, Evolutionary Biology, Personalized Medicine"
RNA-Seq Analysis,Bioinformatics,"Genomics, Cancer Research, Drug Discovery, Developmental Biology"
Single-Cell Sequencing Analysis,Genomics,"Cancer Research, Immunology, Developmental Biology, Neuroscience"
Phylogenetic Analysis,Evolutionary Biology,"Taxonomy, Epidemiology, Conservation Biology, Linguistics"
Sequence Alignment,Bioinformatics,"Genomics, Protein Structure Prediction, Evolutionary Biology"
BLAST (Basic Local Alignment Search Tool),Bioinformatics,"Genomics, Molecular Biology, Drug Discovery, Evolutionary Studies"
Protein Structure Prediction,Computational Biology,"Drug Discovery, Biotechnology, Structural Biology, Synthetic Biology"
Molecular Docking,Computational Chemistry,"Drug Discovery, Enzyme Engineering, Chemical Biology"
QSAR (Quantitative Structure-Activity Relationship),Medicinal Chemistry,"Drug Design, Toxicology, Environmental Chemistry"
Pharmacokinetic Modeling,Pharmaceutical Sciences,"Drug Development, Clinical Pharmacology, Toxicology"
Compartmental Models,Epidemiology,"Disease Modeling, Pharmacology, Ecology, Environmental Science"
SIR Models (Susceptible-Infected-Recovered),Epidemiology,"Disease Control, Public Health, Vaccination Strategy, Pandemic Modeling"
Agent-Based Epidemiological Models,Computational Epidemiology,"Public Health, Disease Control, Policy Planning"
Spatial Epidemiology,Public Health Geography,"Disease Mapping, Public Health, Environmental Health, Healthcare Planning"
Disease Mapping,Spatial Epidemiology,"Public Health, Healthcare Planning, Environmental Health"
Kriging,Geostatistics,"Mining, Environmental Science, Agriculture, Meteorology"
Spatial Autocorrelation,Spatial Statistics,"Geography, Ecology, Real Estate, Epidemiology"
Geographically Weighted Regression,Spatial Statistics,"Urban Planning, Real Estate, Public Health, Environmental Science"
Point Pattern Analysis,Spatial Statistics,"Ecology, Epidemiology, Crime Analysis, Forestry"
Landscape Metrics,Landscape Ecology,"Conservation Biology, Urban Planning, Environmental Management"
Species Distribution Modeling,Ecology,"Conservation Biology, Biodiversity Assessment, Climate Change Studies"
Ecological Niche Modeling,Biogeography,"Conservation, Invasive Species Management, Climate Change Research"
Population Viability Analysis,Conservation Biology,"Wildlife Management, Endangered Species, Conservation Planning"
Mark-Recapture Methods,Ecology,"Wildlife Biology, Fisheries, Epidemiology, Quality Control"
Distance Sampling,Wildlife Ecology,"Conservation, Biodiversity Surveys, Forestry, Marine Biology"
Occupancy Modeling,Wildlife Ecology,"Biodiversity Monitoring, Conservation, Wildlife Management"
N-Mixture Models,Ecology,"Wildlife Surveys, Biodiversity Assessment, Conservation Planning"
Integrated Population Models,Ecology,"Wildlife Management, Conservation, Fisheries Management"
State-Space Models for Ecology,Ecological Modeling,"Population Dynamics, Fisheries, Wildlife Management"
Leslie Matrix Models,Population Ecology,"Demography, Wildlife Management, Fisheries, Conservation"
Lefkovitch Matrix Models,Population Ecology,"Plant Demography, Conservation, Forestry"
Individual-Based Models,Ecology,"Population Biology, Epidemiology, Conservation, Animal Behavior"
Lotka-Volterra Models,Mathematical Ecology,"Predator-Prey Dynamics, Competition Studies, Theoretical Ecology"
Metapopulation Models,Ecology,"Conservation Biology, Landscape Ecology, Epidemiology"
Food Web Analysis,Ecology,"Ecosystem Management, Fisheries, Conservation Biology"
Stable Isotope Analysis,Geochemistry,"Ecology, Forensics, Archaeology, Paleoclimatology, Food Authentication"
Radiocarbon Dating,Nuclear Physics,"Archaeology, Geology, Paleontology, Art Authentication"
Dendrochronology,Forestry,"Archaeology, Climate Science, Ecology, Art History"
Paleoecology Reconstruction,Ecology,"Climate Science, Conservation, Paleontology, Environmental History"
Stratigraphic Analysis,Geology,"Archaeology, Petroleum Exploration, Climate Science, Paleontology"
Remote Sensing Analysis,Geomatics,"Agriculture, Forestry, Urban Planning, Environmental Monitoring, Disaster Management"
Satellite Image Classification,Remote Sensing,"Land Use Mapping, Agriculture, Forestry, Urban Planning, Disaster Response"
Hyperspectral Imaging,Remote Sensing,"Agriculture, Mining, Environmental Monitoring, Medical Imaging"
LiDAR Analysis,Remote Sensing,"Forestry, Archaeology, Urban Planning, Flood Modeling, Transportation"
Synthetic Aperture Radar (SAR),Radar Technology,"Earth Observation, Military, Disaster Monitoring, Agriculture"
Change Detection in Remote Sensing,Geomatics,"Deforestation Monitoring, Urban Growth, Disaster Assessment, Agriculture"
Phenology Analysis,Ecology,"Agriculture, Forestry, Climate Change Research, Biodiversity Studies"
Vegetation Indices,Remote Sensing,"Agriculture, Forestry, Environmental Monitoring, Climate Studies"
Soil Moisture Estimation,Hydrology,"Agriculture, Water Resources, Drought Monitoring, Climate Modeling"
Evapotranspiration Modeling,Hydrology,"Water Resources, Agriculture, Climate Modeling, Irrigation Management"
Hydrological Modeling,Hydrology,"Water Resources Management, Flood Prediction, Climate Studies, Agriculture"
Flood Frequency Analysis,Hydrology,"Civil Engineering, Disaster Management, Urban Planning, Insurance"
Rainfall-Runoff Modeling,Hydrology,"Flood Forecasting, Water Resources, Urban Drainage, Dam Design"
Groundwater Modeling,Hydrogeology,"Water Resources, Environmental Remediation, Mining, Agriculture"
Water Quality Modeling,Environmental Engineering,"Pollution Control, Water Treatment, Ecological Management, Public Health"
Atmospheric Dispersion Modeling,Meteorology,"Air Quality Management, Emergency Response, Industrial Emissions, Urban Planning"
Climate Modeling,Climate Science,"Climate Change Research, Policy Making, Agriculture, Environmental Planning"
Weather Forecasting Models,Meteorology,"Aviation, Agriculture, Disaster Preparedness, Energy Management"
Ensemble Forecasting,Meteorology,"Weather Prediction, Climate Modeling, Hydrology, Finance"
Data Assimilation,Meteorology,"Weather Forecasting, Oceanography, Climate Science, Ecology"
Reanalysis Methods,Climate Science,"Climate Research, Weather Services, Environmental Studies"
Downscaling Techniques,Climate Science,"Regional Climate Modeling, Impact Assessment, Hydrology, Agriculture"
Extreme Value Theory,Statistics,"Finance, Insurance, Hydrology, Climate Science, Engineering"
Return Period Analysis,Hydrology,"Flood Risk Assessment, Infrastructure Design, Insurance, Climate Adaptation"
Geostatistics,Spatial Statistics,"Mining, Environmental Science, Petroleum Engineering, Soil Science"
Variography,Geostatistics,"Mining, Environmental Monitoring, Petroleum Exploration, Agriculture"
Block Kriging,Geostatistics,"Mining, Environmental Assessment, Petroleum Engineering"
Indicator Kriging,Geostatistics,"Environmental Risk Assessment, Petroleum Engineering, Mineral Exploration"
Sequential Gaussian Simulation,Geostatistics,"Petroleum Engineering, Mining, Environmental Modeling, Uncertainty Assessment"
Categorical Data Analysis,Statistics,"Social Sciences, Medicine, Market Research, Quality Control"
Log-Linear Models,Statistics,"Sociology, Epidemiology, Marketing Research, Criminology"
Chi-Square Tests,Statistics,"Medical Research, Social Sciences, Quality Control, Genetics"
Fisher's Exact Test,Statistics,"Medical Research, Genetics, Clinical Trials, Small Sample Analysis"
McNemar's Test,Statistics,"Medical Research, Matched Case-Control Studies, Before-After Studies"
Cochran-Mantel-Haenszel Test,Biostatistics,"Epidemiology, Clinical Research, Meta-Analysis"
Cohen's Kappa,Statistics,"Inter-Rater Reliability, Medical Diagnosis, Psychological Testing, Content Analysis"
Fleiss' Kappa,Statistics,"Inter-Rater Reliability, Content Analysis, Medical Research"
Intraclass Correlation Coefficient,Statistics,"Reliability Studies, Medical Research, Psychology, Sports Science"
Cronbach's Alpha,Psychometrics,"Survey Research, Psychology, Education, Marketing Research"
Item Response Theory,Psychometrics,"Educational Testing, Psychological Assessment, Survey Research"
Rasch Models,Psychometrics,"Educational Assessment, Health Outcomes Measurement, Survey Research"
Conjoint Analysis,Marketing Research,"Product Development, Pricing Strategy, Market Segmentation"
Discrete Choice Experiments,Econometrics,"Marketing, Healthcare, Transportation, Environmental Economics"
MaxDiff Analysis,Marketing Research,"Brand Positioning, Product Features, Priority Setting"
Van Westendorp Price Sensitivity,Marketing Research,"Pricing Strategy, Product Launch, Market Research"
TURF Analysis (Total Unduplicated Reach and Frequency),Marketing Research,"Product Portfolio Optimization, Media Planning, Feature Selection"
Perceptual Mapping,Marketing Research,"Brand Positioning, Competitive Analysis, Product Development"
Segmentation Analysis,Marketing,"Customer Targeting, Product Development, Advertising Strategy, CRM"
RFM Analysis (Recency, Frequency, Monetary),Marketing,"Customer Segmentation, Direct Marketing, E-commerce, Loyalty Programs"
Customer Lifetime Value (CLV) Modeling,Marketing,"CRM, Subscription Services, E-commerce, Banking"
Churn Prediction Models,Statistics,"Telecommunications, Banking, Subscription Services, Insurance"
Market Basket Analysis,Data Mining,"Retail, E-commerce, Recommendation Systems, Inventory Management"
Association Rule Mining,Data Mining,"Retail Analytics, Web Usage Mining, Bioinformatics, Text Mining"
Apriori Algorithm,Data Mining,"Market Basket Analysis, Recommendation Systems, Web Mining"
FP-Growth Algorithm,Data Mining,"Frequent Pattern Mining, Retail Analytics, Bioinformatics"
Sequential Pattern Mining,Data Mining,"Customer Behavior Analysis, Web Usage Mining, Bioinformatics"
Uplift Modeling,Causal Inference,"Marketing Campaign Optimization, Personalized Medicine, Policy Evaluation"
Attribution Modeling,Marketing Analytics,"Digital Marketing, Advertising ROI, Multi-Channel Marketing"
Multi-Touch Attribution,Marketing,"Digital Advertising, Marketing Mix Modeling, Customer Journey Analysis"
Marketing Mix Modeling,Econometrics,"Advertising Effectiveness, Budget Allocation, Brand Management"
Time Series Cross-Section Analysis,Econometrics,"Political Science, Comparative Politics, International Relations"
Event Study Methodology,Finance,"Financial Economics, Corporate Finance, Market Efficiency Studies"
Fama-French Factor Models,Finance,"Asset Pricing, Portfolio Management, Risk Assessment"
Capital Asset Pricing Model (CAPM),Finance,"Portfolio Management, Corporate Finance, Investment Analysis"
Arbitrage Pricing Theory,Finance,"Asset Pricing, Portfolio Management, Risk Management"
Black-Scholes Model,Financial Mathematics,"Options Pricing, Derivatives Trading, Risk Management"
Binomial Options Pricing,Finance,"Derivatives Valuation, Risk Management, Corporate Finance"
Monte Carlo Options Pricing,Computational Finance,"Derivatives Pricing, Risk Management, Exotic Options"
Value at Risk (VaR),Financial Risk Management,"Banking, Investment Management, Insurance, Regulatory Compliance"
Conditional Value at Risk (CVaR),Risk Management,"Portfolio Optimization, Banking, Insurance, Energy Trading"
Expected Shortfall,Risk Management,"Banking Regulation, Portfolio Management, Insurance"
Stress Testing,Risk Management,"Banking, Insurance, Financial Regulation, Systemic Risk Assessment"
Scenario Analysis,Risk Management,"Strategic Planning, Finance, Project Management, Climate Risk"
Sensitivity Analysis,Operations Research,"Engineering, Finance, Policy Analysis, Environmental Assessment"
Tornado Diagrams,Risk Analysis,"Project Management, Engineering, Finance, Decision Analysis"
Decision Tree Analysis,Decision Science,"Business Strategy, Medical Diagnosis, Risk Assessment, Operations"
Influence Diagrams,Decision Analysis,"Business Strategy, Medical Decision Making, Risk Management"
Multi-Criteria Decision Analysis (MCDA),Decision Science,"Environmental Management, Healthcare, Infrastructure Planning, Policy"
Analytic Hierarchy Process (AHP),Decision Science,"Project Selection, Resource Allocation, Supplier Selection, Strategic Planning"
TOPSIS (Technique for Order Preference),Decision Science,"Supplier Selection, Performance Evaluation, Location Selection"
ELECTRE Methods,Decision Science,"Project Selection, Environmental Assessment, Technology Selection"
PROMETHEE Methods,Decision Science,"Sustainability Assessment, Investment Selection, Resource Management"
Data Envelopment Analysis (DEA),Operations Research,"Efficiency Analysis, Benchmarking, Healthcare, Education, Banking"
Stochastic Frontier Analysis,Econometrics,"Productivity Analysis, Efficiency Measurement, Agriculture, Banking"
Total Factor Productivity Analysis,Economics,"Macroeconomics, Productivity Studies, Development Economics"
Shift-Share Analysis,Regional Economics,"Economic Development, Employment Analysis, Regional Policy"
Input-Output Analysis,Economics,"Economic Impact Assessment, Regional Planning, Environmental Economics"
Computable General Equilibrium Models,Economics,"Trade Policy, Tax Policy, Climate Change Economics, Development"
Social Accounting Matrices,Economics,"Development Economics, Income Distribution, Policy Analysis"
Life Cycle Assessment,Environmental Science,"Sustainability, Product Design, Environmental Management, Policy"
Material Flow Analysis,Industrial Ecology,"Sustainability, Circular Economy, Resource Management, Policy"
Substance Flow Analysis,Environmental Engineering,"Pollution Control, Resource Management, Circular Economy"
Carbon Footprint Analysis,Environmental Science,"Climate Policy, Corporate Sustainability, Product Development"
Water Footprint Analysis,Environmental Science,"Water Resources, Agriculture, Corporate Sustainability, Policy"
Ecological Footprint Analysis,Sustainability Science,"Environmental Policy, Urban Planning, Education, Corporate Reporting"
Environmental Impact Assessment,Environmental Science,"Project Planning, Regulatory Compliance, Conservation, Urban Development"
Social Impact Assessment,Sociology,"Development Projects, Mining, Infrastructure, Policy Evaluation"
Health Impact Assessment,Public Health,"Urban Planning, Policy Making, Environmental Health, Project Evaluation"
Technology Assessment,Science Policy,"Innovation Policy, Strategic Planning, Regulatory Affairs"
Risk Assessment,Toxicology,"Chemical Safety, Environmental Health, Occupational Health, Food Safety"
Quantitative Risk Assessment,Risk Science,"Nuclear Safety, Chemical Process Safety, Environmental Risk, Public Health"
Probabilistic Risk Assessment,Engineering,"Nuclear Power, Aerospace, Chemical Industry, Infrastructure"
Fault Tree Analysis,Reliability Engineering,"Nuclear Safety, Aerospace, Chemical Process Safety, Software Safety"
Event Tree Analysis,Safety Engineering,"Nuclear Industry, Process Safety, Risk Assessment, Emergency Planning"
Failure Mode and Effects Analysis (FMEA),Quality Engineering,"Manufacturing, Healthcare, Automotive, Aerospace"
Hazard and Operability Study (HAZOP),Chemical Engineering,"Process Safety, Pharmaceutical Manufacturing, Oil & Gas"
Bow-Tie Analysis,Safety Management,"Oil & Gas, Aviation, Healthcare, Mining"
Swiss Cheese Model,Safety Science,"Aviation Safety, Healthcare, Nuclear Industry, Organizational Safety"
Root Cause Analysis,Quality Management,"Manufacturing, Healthcare, IT Service Management, Aviation"
Fishbone Diagram (Ishikawa),Quality Control,"Manufacturing, Healthcare, Service Industry, Process Improvement"
5 Whys Analysis,Quality Management,"Manufacturing, Service Industry, Problem Solving, Process Improvement"
Pareto Analysis,Quality Control,"Manufacturing, Business Management, Healthcare, Customer Service"
Statistical Process Control,Quality Engineering,"Manufacturing, Healthcare, Food Industry, Service Operations"
Control Charts,Quality Control,"Manufacturing, Healthcare, Laboratory Testing, Process Monitoring"
Capability Analysis (Cp, Cpk),Quality Engineering,"Manufacturing, Process Control, Six Sigma, Supplier Quality"
Gauge R&R Studies,Metrology,"Manufacturing, Quality Control, Measurement Systems, Laboratory Testing"
Acceptance Sampling,Quality Control,"Manufacturing, Incoming Inspection, Food Safety, Pharmaceutical QC"
Reliability Testing,Reliability Engineering,"Electronics, Automotive, Aerospace, Consumer Products"
Accelerated Life Testing,Reliability Engineering,"Electronics, Automotive, Materials Science, Product Development"
Weibull Analysis,Reliability Engineering,"Failure Analysis, Maintenance Planning, Warranty Analysis, Life Testing"
Bathtub Curve Analysis,Reliability Engineering,"Product Life Cycle Management, Maintenance Strategy, Warranty Planning"
Mean Time Between Failures (MTBF),Reliability Engineering,"Maintenance Planning, Product Design, Warranty Analysis, Asset Management"
Reliability Block Diagrams,Systems Engineering,"Reliability Analysis, System Design, Maintenance Planning"
Markov Reliability Models,Reliability Theory,"System Reliability, Maintenance Optimization, Availability Analysis"
Petri Nets,Computer Science,"Manufacturing Systems, Business Process Modeling, Software Engineering, Protocols"
Queueing Theory,Operations Research,"Service Systems, Healthcare, Telecommunications, Call Centers, Traffic Flow"
M/M/1 Queue Models,Queueing Theory,"Service Design, Call Centers, Network Performance, Healthcare"
Network Queueing Models,Operations Research,"Telecommunications, Computer Networks, Transportation, Service Systems"
Inventory Theory,Operations Research,"Supply Chain Management, Retail, Manufacturing, Healthcare"
Economic Order Quantity (EOQ),Operations Management,"Inventory Management, Purchasing, Logistics, Retail"
Newsvendor Model,Operations Research,"Inventory Management, Retail, Fashion, Perishable Goods"
(s,S) Inventory Policies,Operations Research,"Retail Inventory, Supply Chain, Manufacturing Planning"
ABC Analysis,Inventory Management,"Warehouse Management, Supply Chain, Retail, Healthcare Inventory"
Just-In-Time (JIT),Manufacturing,"Production Management, Supply Chain, Automotive, Electronics"
Kanban System,Manufacturing,"Production Control, Software Development, Healthcare, Service Operations"
Material Requirements Planning (MRP),Manufacturing,"Production Planning, Supply Chain, Inventory Management"
Manufacturing Resource Planning (MRP II),Manufacturing,"Enterprise Resource Planning, Production Management, Supply Chain"
Theory of Constraints,Operations Management,"Manufacturing, Project Management, Supply Chain, Service Operations"
Drum-Buffer-Rope Scheduling,Production Management,"Manufacturing, Project Management, Supply Chain Optimization"
Critical Path Method (CPM),Project Management,"Construction, Engineering Projects, Software Development, Event Planning"
Program Evaluation and Review Technique (PERT),Project Management,"Research Projects, Construction, Defense Projects, New Product Development"
Gantt Charts,Project Management,"Construction, Software Development, Event Planning, Manufacturing"
Earned Value Management,Project Management,"Construction, Defense Contracting, Engineering Projects, IT Projects"
Agile Project Management,Software Engineering,"Software Development, Product Development, Marketing, Business Transformation"
Scrum Framework,Software Development,"Software Engineering, Product Development, Marketing Teams, Operations"
Kanban for Software,Software Engineering,"DevOps, Software Development, IT Operations, Continuous Delivery"
Extreme Programming (XP),Software Engineering,"Software Development, Agile Teams, Continuous Integration"
Lean Software Development,Software Engineering,"Software Development, DevOps, Product Development, Continuous Improvement"
DevOps Practices,Software Engineering,"IT Operations, Cloud Computing, Software Delivery, Infrastructure Management"
Continuous Integration/Continuous Deployment,Software Engineering,"Software Development, Cloud Services, Enterprise IT, Mobile Development"
Test-Driven Development (TDD),Software Engineering,"Software Development, Agile Projects, Quality Assurance"
Behavior-Driven Development (BDD),Software Engineering,"Software Development, Requirements Engineering, Quality Assurance"
Domain-Driven Design,Software Architecture,"Enterprise Software, Complex Systems, Microservices, Software Engineering"
Microservices Architecture,Software Engineering,"Cloud Computing, Enterprise Systems, E-commerce, SaaS Platforms"
Service-Oriented Architecture (SOA),Software Engineering,"Enterprise Integration, Cloud Services, Business Process Management"
Event-Driven Architecture,Software Engineering,"Real-Time Systems, IoT, Financial Systems, Distributed Systems"
Lambda Architecture,Data Engineering,"Big Data, Real-Time Analytics, Data Warehousing, Stream Processing"
Kappa Architecture,Data Engineering,"Real-Time Analytics, Stream Processing, Event Sourcing"
Data Lake Architecture,Data Engineering,"Big Data, Analytics, Machine Learning, Enterprise Data Management"
Data Warehouse Modeling,Data Engineering,"Business Intelligence, Analytics, Enterprise Reporting, Decision Support"
Star Schema,Data Warehousing,"Business Intelligence, OLAP, Reporting, Analytics"
Snowflake Schema,Data Warehousing,"Enterprise Data Warehousing, Complex Analytics, Business Intelligence"
Slowly Changing Dimensions,Data Warehousing,"Business Intelligence, Historical Analysis, Data Integration"
ETL (Extract, Transform, Load),Data Engineering,"Data Integration, Business Intelligence, Data Migration, Analytics"
ELT (Extract, Load, Transform),Data Engineering,"Big Data, Cloud Data Warehousing, Modern Analytics"
Data Pipelines,Data Engineering,"Big Data, Real-Time Analytics, Machine Learning Operations, ETL"
Stream Processing,Computer Science,"Real-Time Analytics, IoT, Financial Systems, Network Monitoring"
Batch Processing,Computer Science,"Big Data, Data Warehousing, ETL, Scientific Computing"
MapReduce,Distributed Computing,"Big Data Processing, Log Analysis, Data Mining, Web Indexing"
Apache Spark Architecture,Distributed Computing,"Big Data Analytics, Machine Learning at Scale, Stream Processing"
Distributed File Systems,Computer Science,"Big Data Storage, Cloud Storage, Backup Systems, Content Delivery"
Consensus Algorithms (Paxos, Raft),Distributed Systems,"Distributed Databases, Blockchain, Cloud Infrastructure, Coordination Services"
Blockchain Technology,Cryptography,"Cryptocurrency, Supply Chain, Healthcare Records, Digital Identity"
Distributed Ledger Technology,Cryptography,"Finance, Supply Chain, Healthcare, Government Records"
Smart Contracts,Blockchain,"Decentralized Finance, Supply Chain, Insurance, Legal Tech"
Proof of Work,Cryptography,"Cryptocurrency Mining, Blockchain Consensus, Digital Security"
Proof of Stake,Cryptography,"Blockchain Networks, Cryptocurrency, Decentralized Systems"
Merkle Trees,Cryptography,"Blockchain, Data Verification, Distributed Databases, File Systems"
Hash Functions,Cryptography,"Data Integrity, Digital Signatures, Blockchain, Password Storage"
Public Key Cryptography,Cryptography,"Secure Communications, Digital Signatures, Blockchain, E-commerce"
Digital Signatures,Cryptography,"Authentication, Blockchain, Legal Documents, E-commerce"
Zero-Knowledge Proofs,Cryptography,"Privacy-Preserving Protocols, Blockchain, Authentication, Voting Systems"
Homomorphic Encryption,Cryptography,"Cloud Computing, Privacy-Preserving Analytics, Secure Computation"
Secure Multi-Party Computation,Cryptography,"Privacy-Preserving Data Analysis, Auctions, Voting, Financial Services"
Differential Privacy,Statistics,"Privacy-Preserving Analytics, Census Data, Healthcare Research, Social Media"
Federated Learning,Machine Learning,"Privacy-Preserving AI, Healthcare, Mobile Devices, Edge Computing"
Secure Aggregation,Cryptography,"Federated Learning, Privacy-Preserving Statistics, Distributed Analytics"
Trusted Execution Environments,Computer Security,"Cloud Computing, Mobile Security, Blockchain, Secure Processing"
Hardware Security Modules,Computer Security,"Banking, PKI Infrastructure, Cryptocurrency, Secure Key Storage"
Intrusion Detection Systems,Computer Security,"Network Security, Cybersecurity, Cloud Security, Industrial Control Systems"
Intrusion Prevention Systems,Network Security,"Enterprise Networks, Cloud Security, Critical Infrastructure, Data Centers"
Firewalls,Network Security,"Enterprise Networks, Cloud Security, Home Networks, Industrial Control"
Virtual Private Networks (VPN),Network Security,"Remote Access, Enterprise Connectivity, Privacy, Cloud Access"
Network Segmentation,Network Architecture,"Enterprise Security, Data Center Design, Industrial Networks, Cloud Architecture"
Zero Trust Architecture,Cybersecurity,"Enterprise Security, Cloud Security, Remote Work, Identity Management"
Security Information and Event Management (SIEM),Cybersecurity,"Enterprise Security, Compliance, Threat Detection, Incident Response"
Threat Intelligence,Cybersecurity,"Security Operations, Incident Response, Risk Management, Defense"
Penetration Testing,Computer Security,"Security Assessment, Compliance, Risk Management, Application Security"
Vulnerability Scanning,Computer Security,"Security Management, Compliance, Risk Assessment, Network Security"
Red Team/Blue Team Exercises,Military Strategy,"Cybersecurity, Emergency Preparedness, Business Continuity, Defense"
Chaos Engineering,Software Engineering,"Site Reliability, Cloud Infrastructure, Distributed Systems, DevOps"
Fault Injection Testing,Software Engineering,"System Reliability, Aerospace, Automotive Safety, Mission-Critical Systems"
Load Testing,Software Engineering,"Web Applications, API Development, Cloud Services, Performance Engineering"
Performance Testing,Software Engineering,"Web Applications, Gaming, Enterprise Software, Mobile Apps"
A/B Testing,Statistics,"Web Development, Marketing, Product Design, User Experience"
Multivariate Testing,Statistics,"Web Optimization, Marketing, Product Development, User Interface Design"
Split Testing,Statistics,"Digital Marketing, Conversion Optimization, Product Features, Pricing"
Bandit Testing,Statistics,"Online Advertising, Dynamic Pricing, Recommendation Systems, Clinical Trials"
Bayesian A/B Testing,Statistics,"Web Analytics, Marketing Optimization, Product Experimentation"
Sequential Testing,Statistics,"Clinical Trials, Quality Control, A/B Testing, Manufacturing"
Adaptive Designs,Clinical Trials,"Drug Development, Medical Research, Experimental Design"
Platform Trials,Clinical Research,"Oncology, Pandemic Response, Precision Medicine, Drug Development"
Basket Trials,Oncology,"Precision Medicine, Drug Development, Rare Diseases"
Umbrella Trials,Clinical Research,"Cancer Treatment, Precision Medicine, Drug Development"
Crossover Designs,Experimental Design,"Clinical Trials, Agriculture, Nutrition Research, Psychology"
Factorial Trials,Clinical Research,"Drug Interactions, Treatment Combinations, Vaccine Development"
Non-Inferiority Trials,Clinical Research,"Generic Drugs, Medical Devices, Treatment Alternatives"
Equivalence Trials,Clinical Research,"Bioequivalence Studies, Generic Drugs, Biosimilars"
Superiority Trials,Clinical Research,"New Drug Approval, Medical Devices, Treatment Development"
Pragmatic Trials,Clinical Research,"Real-World Evidence, Healthcare Delivery, Comparative Effectiveness"
Cluster Randomized Trials,Epidemiology,"Public Health Interventions, Education, Implementation Science"
Stepped Wedge Designs,Implementation Science,"Public Health, Healthcare Quality Improvement, Policy Implementation"
N-of-1 Trials,Clinical Medicine,"Personalized Medicine, Rare Diseases, Chronic Pain Management"
Adaptive Randomization,Clinical Trials,"Oncology, Precision Medicine, Efficient Trial Design"
Response-Adaptive Randomization,Clinical Research,"Phase II Trials, Rare Diseases, Ethical Trial Design"
Covariate-Adaptive Randomization,Clinical Trials,"Balance Confounders, Small Trials, Stratified Randomization"
Minimization,Clinical Trials,"Balance Covariates, Small Studies, Stratified Allocation"
Bayesian Adaptive Trials,Clinical Research,"Oncology, Rare Diseases, Efficient Drug Development"
Master Protocols,Clinical Research,"Oncology, Precision Medicine, Platform Trials"
Biomarker-Driven Trials,Precision Medicine,"Oncology, Targeted Therapies, Personalized Treatment"
Pharmacogenomics,Medical Genetics,"Personalized Medicine, Drug Response, Adverse Event Prediction, Dosing"
Precision Medicine,Medical Science,"Oncology, Rare Diseases, Chronic Diseases, Drug Development"
Companion Diagnostics,Medical Diagnostics,"Targeted Therapy, Oncology, Personalized Medicine, Drug Development"
Liquid Biopsies,Medical Diagnostics,"Cancer Detection, Minimal Residual Disease, Treatment Monitoring"
Next-Generation Sequencing,Genomics,"Clinical Diagnostics, Cancer Research, Rare Diseases, Infectious Diseases"
Whole Genome Sequencing,Genomics,"Rare Disease Diagnosis, Cancer Genomics, Population Studies, Pathogen Surveillance"
Whole Exome Sequencing,Medical Genetics,"Rare Disease Diagnosis, Cancer Research, Clinical Genetics"
Targeted Gene Panels,Clinical Genetics,"Cancer Diagnosis, Cardiovascular Disease, Rare Diseases, Pharmacogenomics"
CRISPR Gene Editing,Molecular Biology,"Gene Therapy, Agriculture, Biotechnology, Disease Modeling"
Gene Therapy,Medical Genetics,"Rare Diseases, Cancer Treatment, Inherited Disorders, Regenerative Medicine"
Cell Therapy,Regenerative Medicine,"Cancer Immunotherapy, Autoimmune Diseases, Tissue Repair"
CAR-T Cell Therapy,Immunotherapy,"Cancer Treatment, Leukemia, Lymphoma, Autoimmune Diseases"
Immunotherapy,Medical Science,"Cancer Treatment, Autoimmune Diseases, Infectious Diseases, Allergies"
Monoclonal Antibodies,Immunology,"Cancer Treatment, Autoimmune Diseases, Infectious Diseases, Transplantation"
Checkpoint Inhibitors,Cancer Immunotherapy,"Oncology, Melanoma, Lung Cancer, Immunotherapy"
Cancer Vaccines,Immunology,"Oncology, Prevention, Therapeutic Vaccines"
mRNA Vaccines,Molecular Biology,"Infectious Disease Prevention, Cancer Immunotherapy, Personalized Medicine"
Viral Vector Vaccines,Vaccinology,"Infectious Disease Prevention, Ebola, COVID-19, Gene Therapy"
Protein Subunit Vaccines,Immunology,"Infectious Disease Prevention, Hepatitis, HPV, Pertussis"
Conjugate Vaccines,Immunology,"Pediatric Immunization, Bacterial Diseases, Pneumococcal Prevention"
DNA Vaccines,Molecular Biology,"Infectious Diseases, Cancer Immunotherapy, Veterinary Medicine"
Vaccine Adjuvants,Immunology,"Vaccine Development, Enhanced Immune Response, Dose Sparing"
Reverse Vaccinology,Computational Biology,"Vaccine Development, Bacterial Diseases, Pandemic Preparedness"
Structure-Based Drug Design,Computational Chemistry,"Drug Discovery, Pharmaceutical Development, Enzyme Inhibitors"
Fragment-Based Drug Discovery,Medicinal Chemistry,"Drug Development, Lead Optimization, Kinase Inhibitors"
High-Throughput Screening,Drug Discovery,"Pharmaceutical Development, Chemical Biology, Lead Discovery"
Virtual Screening,Computational Chemistry,"Drug Discovery, Lead Identification, Chemical Libraries"
De Novo Drug Design,Computational Chemistry,"Drug Discovery, Novel Therapeutics, Lead Generation"
Prodrug Design,Medicinal Chemistry,"Drug Delivery, Pharmaceutical Development, Bioavailability Enhancement"
Drug Repurposing,Pharmacology,"Drug Discovery, Rare Diseases, Pandemic Response, Cost-Effective Development"
Polypharmacology,Drug Discovery,"Multi-Target Drugs, Complex Diseases, Drug Repurposing"
Network Pharmacology,Systems Biology,"Drug Discovery, Traditional Medicine, Multi-Target Therapy"
Systems Pharmacology,Computational Biology,"Drug Development, Toxicology, Personalized Medicine"
Physiologically-Based Pharmacokinetic Modeling,Pharmacology,"Drug Development, Dose Selection, Regulatory Submissions, Pediatric Dosing"
Population Pharmacokinetics,Clinical Pharmacology,"Drug Development, Dose Individualization, Regulatory Science"
Pharmacodynamic Modeling,Pharmacology,"Drug Development, Dose Response, Clinical Trials"
PK/PD Modeling,Clinical Pharmacology,"Drug Development, Dose Optimization, Clinical Pharmacology"
Model-Informed Drug Development,Pharmaceutical Science,"Regulatory Science, Drug Development, Clinical Trial Design"
Quantitative Systems Pharmacology,Systems Biology,"Drug Development, Mechanism Studies, Translational Medicine"
Organ-on-a-Chip,Bioengineering,"Drug Testing, Toxicology, Personalized Medicine, Disease Modeling"
3D Cell Culture,Cell Biology,"Drug Screening, Cancer Research, Tissue Engineering, Disease Modeling"
Organoid Technology,Stem Cell Biology,"Disease Modeling, Drug Screening, Personalized Medicine, Developmental Biology"
Induced Pluripotent Stem Cells,Regenerative Medicine,"Disease Modeling, Drug Screening, Cell Therapy, Personalized Medicine"
Tissue Engineering,Biomedical Engineering,"Regenerative Medicine, Organ Replacement, Wound Healing, Plastic Surgery"
3D Bioprinting,Bioengineering,"Tissue Engineering, Organ Printing, Drug Testing, Regenerative Medicine"
Scaffold Design,Tissue Engineering,"Regenerative Medicine, Wound Healing, Bone Repair, Cartilage Engineering"
Biomaterials Science,Materials Science,"Medical Devices, Tissue Engineering, Drug Delivery, Implants"
Drug Delivery Systems,Pharmaceutical Science,"Targeted Therapy, Controlled Release, Cancer Treatment, Gene Delivery"
Nanoparticle Drug Delivery,Nanotechnology,"Cancer Therapy, Gene Delivery, Vaccine Delivery, Targeted Treatment"
Liposomal Formulations,Pharmaceutical Science,"Cancer Treatment, Antifungal Therapy, Vaccine Delivery, Gene Therapy"
Microencapsulation,Chemical Engineering,"Drug Delivery, Food Technology, Cosmetics, Agriculture"
Hydrogel Drug Delivery,Biomaterials,"Controlled Release, Tissue Engineering, Wound Healing, Ocular Delivery"
Transdermal Delivery,Pharmaceutical Science,"Pain Management, Hormone Therapy, Nicotine Replacement, Contraception"
Inhalation Drug Delivery,Pharmaceutical Science,"Respiratory Diseases, Systemic Delivery, Vaccine Administration"
Oral Drug Delivery,Pharmaceutical Science,"Medication Administration, Controlled Release, Pediatrics, Geriatrics"
Parenteral Drug Delivery,Pharmaceutical Science,"Injectable Medications, Biologics, Emergency Medicine, Chronic Diseases"
Implantable Drug Delivery,Biomedical Engineering,"Long-Acting Contraception, Chronic Pain, Hormone Therapy, Ocular Disease"
Theranostics,Medical Science,"Personalized Medicine, Cancer Treatment, Molecular Imaging, Targeted Therapy"
Molecular Imaging,Medical Physics,"Cancer Detection, Drug Development, Neuroscience, Cardiology"
Positron Emission Tomography (PET),Nuclear Medicine,"Oncology, Neurology, Cardiology, Drug Development"
Computed Tomography (CT),Radiology,"Diagnostic Imaging, Trauma, Cancer Staging, Emergency Medicine"
Magnetic Resonance Imaging (MRI),Medical Physics,"Neurology, Orthopedics, Oncology, Cardiology"
Functional MRI (fMRI),Neuroscience,"Brain Mapping, Cognitive Research, Clinical Neurology, Presurgical Planning"
Diffusion Tensor Imaging,Neuroimaging,"Brain Connectivity, Neurosurgery Planning, Traumatic Brain Injury, Neuroscience"
Ultrasound Imaging,Medical Physics,"Obstetrics, Cardiology, Emergency Medicine, Interventional Procedures"
Echocardiography,Cardiology,"Heart Disease Diagnosis, Cardiac Function, Valve Assessment, Congenital Heart Disease"
Electroencephalography (EEG),Neurophysiology,"Epilepsy, Sleep Studies, Brain-Computer Interfaces, Anesthesia Monitoring"
Magnetoencephalography (MEG),Neuroscience,"Brain Mapping, Epilepsy, Cognitive Neuroscience, Presurgical Evaluation"
Electromyography (EMG),Neurophysiology,"Neuromuscular Disorders, Prosthetics Control, Sports Science, Rehabilitation"
Electrocardiography (ECG/EKG),Cardiology,"Heart Disease Diagnosis, Arrhythmia Detection, Emergency Medicine, Fitness Monitoring"
Holter Monitoring,Cardiology,"Arrhythmia Detection, Syncope Evaluation, Pacemaker Check, Cardiac Assessment"
Ambulatory Blood Pressure Monitoring,Hypertension,"Cardiovascular Risk, Hypertension Management, White Coat Syndrome, Clinical Trials"
Continuous Glucose Monitoring,Diabetes Management,"Type 1 Diabetes, Type 2 Diabetes, Gestational Diabetes, Metabolic Research"
Wearable Sensors,Biomedical Engineering,"Health Monitoring, Fitness Tracking, Remote Patient Monitoring, Clinical Research"
Internet of Things (IoT) in Healthcare,Information Technology,"Remote Monitoring, Smart Hospitals, Telemedicine, Medical Devices"
Telemedicine,Healthcare Delivery,"Remote Consultation, Rural Healthcare, Chronic Disease Management, Emergency Triage"
Mobile Health (mHealth),Digital Health,"Patient Monitoring, Health Apps, Medication Adherence, Preventive Care"
Digital Therapeutics,Healthcare Technology,"Chronic Disease Management, Mental Health, Diabetes, Substance Abuse"
Clinical Decision Support Systems,Medical Informatics,"Diagnosis, Treatment Planning, Medication Safety, Evidence-Based Medicine"
Electronic Health Records,Health Informatics,"Healthcare Delivery, Clinical Documentation, Population Health, Quality Measurement"
Health Information Exchange,Health IT,"Care Coordination, Public Health, Emergency Care, Reducing Duplicate Tests"
Natural Language Processing in Healthcare,Medical Informatics,"Clinical Documentation, Medical Coding, Adverse Event Detection, Research"
Medical Coding Systems (ICD, CPT),Health Information Management,"Billing, Epidemiology, Healthcare Analytics, Quality Measurement"
Disease Classification Systems,Medical Nosology,"Epidemiology, Healthcare Administration, Research, Public Health Surveillance"
Clinical Pathways,Healthcare Management,"Quality Improvement, Cost Reduction, Standardized Care, Clinical Protocols"
Care Protocols,Evidence-Based Medicine,"Clinical Practice, Quality Improvement, Patient Safety, Standardization"
Clinical Practice Guidelines,Evidence-Based Medicine,"Standardized Care, Quality Improvement, Medical Education, Healthcare Policy"
Audit and Feedback,Quality Improvement,"Healthcare Quality, Medical Practice, Clinical Performance, Continuing Education"
Ethnography,Anthropology,"Sociology, Education, Market Research, User Experience"
Phenomenology,Philosophy,"Psychology, Nursing, Education, Sociology"
Grounded Theory,Sociology,"Nursing, Education, Psychology, Management"
Case Study Methodology,Social Sciences,"Business, Law, Medicine, Education, Political Science"
Action Research,Social Sciences,"Education, Organizational Development, Healthcare, Community Development"
Participatory Action Research,Social Sciences,"Community Development, Public Health, Education"
Narrative Inquiry,Literature,"Psychology, Education, Nursing, History"
Discourse Analysis,Linguistics,"Sociology, Psychology, Communication Studies, Political Science"
Conversation Analysis,Sociology,"Linguistics, Communication Studies, Psychology"
Thematic Analysis,Psychology,"Sociology, Education, Healthcare, Market Research"
Content Analysis,Communication Studies,"Sociology, Political Science, Marketing, Psychology"
Hermeneutics,Philosophy,"Theology, Law, Literature, History, Sociology"
Archival Research,History,"Sociology, Political Science, Law, Humanities"
Oral History,History,"Anthropology, Sociology, Cultural Studies"
Delphi Method,Forecasting,"Healthcare, Business, Public Policy, Education"
Focus Groups,Sociology,"Marketing, Political Science, Public Health, User Experience"
Participant Observation,Anthropology,"Sociology, Education, Urban Studies"
Netnography,Marketing,"Sociology, Cultural Studies, User Experience"
Q Methodology,Psychology,"Political Science, Healthcare, Marketing"
Mass Spectrometry (MS),Physics,"Chemistry, Biology, Medicine, Environmental Science"
Nuclear Magnetic Resonance (NMR),Physics,"Chemistry, Structural Biology, Medicine, Materials Science"
Infrared Spectroscopy (IR),Physics,"Chemistry, Materials Science, Art Conservation, Forensics"
Raman Spectroscopy,Physics,"Chemistry, Materials Science, Pharmaceutical Analysis, Art Conservation"
X-ray Crystallography,Physics,"Chemistry, Biology, Materials Science, Mineralogy"
Gas Chromatography (GC),Chemistry,"Environmental Science, Forensics, Petrochemicals, Food Safety"
High-Performance Liquid Chromatography (HPLC),Chemistry,"Pharmaceuticals, Biochemistry, Environmental Science, Food Safety"
Gel Electrophoresis,Biochemistry,"Genetics, Molecular Biology, Forensics, Medicine"
Polymerase Chain Reaction (PCR),Biochemistry,"Genetics, Medicine, Forensics, Evolutionary Biology"
Western Blotting,Biochemistry,"Molecular Biology, Immunology, Medicine, Genetics"
ELISA (Enzyme-Linked Immunosorbent Assay),Immunology,"Medicine, Diagnostics, Plant Pathology, Food Safety"
Flow Cytometry,Biophysics,"Immunology, Cancer Biology, Marine Biology, Medicine"
Immunohistochemistry (IHC),Pathology,"Cancer Diagnosis, Neuroscience, Developmental Biology"
Patch Clamp Technique,Biophysics,"Neuroscience, Pharmacology, Physiology"
Optogenetics,Neuroscience,"Behavioral Science, Physiology, Psychiatry"
Calcium Imaging,Neuroscience,"Physiology, Pharmacology, Developmental Biology"
Cryo-Electron Microscopy (Cryo-EM),Physics,"Structural Biology, Virology, Cell Biology"
Scanning Electron Microscopy (SEM),Physics,"Materials Science, Biology, Nanotechnology, Forensics"
Atomic Force Microscopy (AFM),Physics,"Nanotechnology, Materials Science, Biology, Chemistry"
Differential Scanning Calorimetry (DSC),Physics,"Materials Science, Chemistry, Pharmaceuticals, Food Science"
Titration,Chemistry,"Environmental Science, Medicine, Food Industry, Manufacturing"
Gravimetric Analysis,Chemistry,"Geology, Environmental Science, Metallurgy"
Mathematical Modeling,Mathematics,"Physics, Biology, Economics, Engineering, Epidemiology"
Axiomatic Method,Mathematics,"Logic, Philosophy, Theoretical Computer Science, Physics"
Thought Experiments,Philosophy,"Physics, Ethics, Law, Cognitive Science"
Usability Testing,Human-Computer Interaction,"Software Engineering, Product Design, Industrial Design"
Eye Tracking,Psychology,"Marketing, User Experience, Neuroscience, Reading Research"
Transcranial Magnetic Stimulation (TMS),Neuroscience,"Psychiatry, Cognitive Science, Rehabilitation"
Social Network Analysis (SNA),Sociology,"Anthropology, Biology, Communication Studies, Computer Science"
Bibliometrics,Library Science,"Scientometrics, Research Evaluation, Information Science"
Scientometrics,Information Science,"Science Policy, History of Science, Sociology of Science"
